CITY_NAME,FAC_NAME,PRVDR_NUM,STATE_CD,ZIP_CD
PROVO,"UTAH VALLEY HOSPITAL",460001,UT,84604
"SALT LAKE CITY","SALT LAKE REGIONAL MEDICAL CENTER",460003,UT,84102
OGDEN,"MCKAY DEE HOSPITAL",460004,UT,84403
OGDEN,"OGDEN REGIONAL MEDICAL CENTER",460005,UT,84405
"SALT LAKE CITY","LDS HOSPITAL",460006,UT,84143
"CEDAR CITY","CEDAR CITY HOSPITAL",460007,UT,84721
"WEST VALLEY CITY","PIONEER VALLEY HOSPITAL",460008,UT,84120
"SALT LAKE CITY","UNIVERSITY OF UTAH HOSPITALS AND CLINICS",460009,UT,84132
MURRAY,"INTERMOUNTAIN MEDICAL CENTER",460010,UT,84107
PRICE,"CASTLEVIEW HOSPITAL",460011,UT,84501
"SALT LAKE CITY","ST MARKS HOSPITAL",460012,UT,84124
PAYSON,"MOUNTAIN VIEW HOSPITAL",460013,UT,84651
TOOELE,"MOUNTAIN WEST MEDICAL CENTER",460014,UT,84074
LOGAN,"LOGAN REGIONAL HOSPITAL",460015,UT,84341
MOAB,"ALLEN MEMORIAL HOSPITAL",460016,UT,84532
"BRIGHAM CITY","BRIGHAM CITY COMMUNITY HOSPITAL",460017,UT,84302
KANAB,"KANE COUNTY HOSPITAL",460018,UT,84741
ROOSEVELT,"UINTAH BASIN MEDICAL CENTER",460019,UT,84066
MONTICELLO,"SAN JUAN HOSPITAL",460020,UT,84535
"ST GEORGE","DIXIE REGIONAL MEDICAL CENTER",460021,UT,84790
FILLMORE,"FILLMORE COMMUNITY MEDICAL CENTER",460022,UT,84631
"AMERICAN FORK","AMERICAN FORK HOSPITAL",460023,UT,84003
"MONUMENT VALLEY","MONUMENT VALLEY HOSPITAL",460024,UT,84536
MILFORD,"MILFORD VALLEY MEMORIAL HOSPITAL",460025,UT,84751
RICHFIELD,"SEVIER VALLEY HOSPITAL",460026,UT,84701
DELTA,"DELTA COMMUNITY MEDICAL CENTER",460027,UT,84624
"MOUNT PLEASANT","SANPETE VALLEY HOSPITAL",460029,UT,84647
"SALT LAKE CITY","V A HOSPITAL",46002F,UT,84113
VERNAL,"ASHLEY REGIONAL MEDICAL CENTER",460030,UT,84078
NEPHI,"CENTRAL VALLEY MEDICAL CENTER",460032,UT,84648
PANGUITCH,"GARFIELD MEMORIAL HOSPITAL",460033,UT,84759
BEAVER,"BEAVER VALLEY HOSPITAL",460035,UT,84713
"HEBER CITY","HEBER VALLEY MEDICAL CENTER",460036,UT,84032
GUNNISON,"GUNNISON VALLEY HOSPITAL",460037,UT,84634
TREMONTON,"BEAR RIVER VALLEY HOSPITAL",460039,UT,84337
"HILL AIR FORCE BASE","U S AIR FORCE HOSP",46003F,UT,84401
LAYTON,"DAVIS HOSPITAL AND MEDICAL CENTER",460041,UT,84041
BOUNTIFUL,"LAKEVIEW HOSPITAL",460042,UT,84010
OREM,"OREM COMMUNITY HOSPITAL",460043,UT,84057
SANDY,"ALTA VIEW HOSPITAL",460044,UT,84094
"SALT LAKE CITY","INFINIA MEDICAL CENTER",460046,UT,84124
"SALT LAKE CITY","ST MARK'S HOSPITAL",460047,UT,84124
"SALT LAKE CITY","PARKSIDE RECOVERY CTR/SALT LAKE CITY",460048,UT,84124
MURRAY,"THE ORTHOPEDIC SPECIALTY HOSPITAL",460049,UT,84107
DUGWAY,"U S ARMY HOSPITAL",46004F,UT,84022
"SOUTH SALT LAKE","PARACELSUS REGIONAL HOSP & MEDICAL CNT",460050,UT,84115
"WEST JORDAN","JORDAN VALLEY MEDICAL CENTER",460051,UT,84088
OREM,"TIMPANOGOS REGIONAL HOSPITAL",460052,UT,84057
"SALT LAKE CITY","ROCKY MOUNTAIN MEDICAL CENTER",460053,UT,84115
"NORTH LOGAN","CACHE VALLEY  HOSPITAL",460054,UT,84341
PROVO,"UTAH VALLEY SPECIALTY HOSPITAL",460055,UT,84604
BLANDING,"BLUE MOUNTAIN HOSPITAL",460056,UT,84511
"PARK CITY","PARK CITY HOSPITAL",460057,UT,84060
RIVERTON,"RIVERTON HOSPITAL",460058,UT,84065
MURRAY,"LANDMARK HOSPITAL OF SALT LAKE CITY, LLC",460059,UT,84107
DRAPER,"LONE PEAK HOSPITAL",460060,UT,84020
LAYTON,"LAYTON HOSPITAL",460061,UT,84041
"SALT LAKE CITY","SHRINERS HOSPITAL FOR CHILDREN - S L C",46006E,UT,84103
"SALT LAKE CITY","PRIMARY CHILDRENS HOSP",46012E,UT,84113
DELTA,"DELTA COMMUNITY HOSPITAL",461300,UT,84624
FILLMORE,"FILLMORE COMMUNITY HOSPITAL",461301,UT,84631
MOAB,"MOAB REGIONAL HOSPITAL",461302,UT,84532
"MOUNT PLEASANT","SANPETE VALLEY HOSPITAL - CAH",461303,UT,84647
NEPHI,"CENTRAL VALLEY MEDICAL CENTER - CAH",461304,UT,84648
MILFORD,"MILFORD VALLEY MEMORIAL HOSPITAL",461305,UT,84751
GUNNISON,"GUNNISON VALLEY HOSPITAL",461306,UT,84634
"HEBER CITY","HEBER VALLEY HOSPITAL",461307,UT,84032
MONTICELLO,"SAN JUAN HOSPITAL",461308,UT,84535
KANAB,"KANE COUNTY HOSPITAL",461309,UT,84741
BLANDING,"BLUE MOUNTAIN HOSPITAL",461310,UT,84511
PANGUITCH,"GARFIELD MEMORIAL HOSPITAL",461333,UT,84759
BEAVER,"BEAVER VALLEY HOSPITAL",461335,UT,84713
"WEST VALLEY CITY","CNS COMMUNITY HOSPICE",461500,UT,84119
"ST GEORGE","INTERMOUNTAIN HOMECARE HOSPICE, ST GEORGE",461501,UT,84770
RIVERDALE,"GENTIVA HOSPICE",461502,UT,84405
"SOUTH JORDAN","INTERMOUNTAIN HOMECARE HOSPICE SALT LAKE",461503,UT,84095
LOGAN,"INTERMOUNTAIN HOMECARE HOSPICE OF LOGAN",461504,UT,84341
LAYTON,"CARING HANDS HOSPICE",461505,UT,84040
MURRAY,"SOUTH VALLEY HOSPICE",461506,UT,84107
"SALT LAKE CITY","GENTIVA HOSPICE",461507,UT,84106
MURRAY,"FAMILY HOSPICE CARE INC",461508,UT,84107
PROVO,"EAST LAKE FAMILY HOSPICE CARE",461509,UT,84604
ROOSEVELT,"UINTAH BASIN HOSPICE",461510,UT,84066
MURRAY,"ROCKY MOUNTAIN HOSPICE",461511,UT,84123
"SALT LAKE CITY","HORIZON HOSPICE SPECIALISTS",461512,UT,84109
"SALT LAKE CITY","PREMIER HOSPICE CARE",461513,UT,84117
BOUNTIFUL,"SOUTH DAVIS HOSPICE",461514,UT,84010
"SALT LAKE CITY","VENCOR HOSPICE - SALT LAKE CITY",461515,UT,84107
MURRAY,"HOSPICE FOR UTAH, LLC",461516,UT,84117
"SALT LAKE CITY","THE LODGE BY VALEO",461517,UT,84117
MOAB,"GRAND COUNTY HOSPICE",461518,UT,84532
MURRAY,"HARMONY HOSPICE",461519,UT,84123
VERNAL,"HOSPICE OF UTAH",461520,UT,84078
GUNNISON,"GUNNISON VALLEY HOSPICE",461521,UT,84634
"ST GEORGE","ENCOMPASS HEALTH HOSPICE OF SOUTHERN UTAH",461522,UT,84770
LOGAN,"HOSPICE ALLIANCE OF UTAH",461523,UT,84321
OGDEN,"APPLEGATE HOSPICE",461524,UT,84405
"PLEASANT GROVE","COMFORT CARE HOSPICE, LLC",461525,UT,84062
NEPHI,"CENTRAL VALLEY HOSPICE",461526,UT,84648
"SALT LAKE CITY","AFFINITY HOSPICE OF LIFE",461527,UT,84119
MURRAY,"ENCOMPASS HEALTH HOSPICE",461528,UT,84123
RIVERDALE,"CURO HOSPICE",461529,UT,84405
SALINA,"AT HOME HOSPICE",461530,UT,84654
"AMERICAN FORK","HEARTS FOR HOSPICE",461531,UT,84003
"NORTH OGDEN","COMFORT HOSPICE CARE",461532,UT,84414
VERNAL,"APPLEGATE HOSPICE",461533,UT,84078
"ST GEORGE","APPLEGATE HOSPICE",461534,UT,84790
LAYTON,"LEGACY HEALTH CARE INC",461535,UT,84041
MURRAY,"SUPERIOR HOSPICE",461536,UT,84107
MURRAY,"GOOD SHEPHERD HOSPICE",461537,UT,84117
CLEARFIELD,"INSPIRATION HOSPICE, LLC",461538,UT,84015
CLEARFIELD,"HORIZON HOSPICE",461539,UT,84015
MURRAY,"KINDRED AT HOME - HOSPICE - MURRAY",461540,UT,84123
RIVERDALE,"HEARTS FOR HOSPICE",461541,UT,84405
"WEST JORDAN","HEARTWOOD HOSPICE",461542,UT,84084
"ST GEORGE","HORIZON HOSPICE SPECIALISTS - SG",461543,UT,84770
BEAVER,"BEAVER VALLEY HOSPICE",461544,UT,84713
OREM,"A-PLUS HOSPICE",461545,UT,84057
DRAPER,"ONECARE HOSPICE",461546,UT,84020
"ST GEORGE","HOSPICE ALLIANCE OF SOUTHERN UTAH, INC",461547,UT,84790
"SALT LAKE CITY","SILVERADO HOSPICE-SALT LAKE CITY",461548,UT,84107
OREM,"FIRST CHOICE HOSPICE",461549,UT,84057
LOGAN,"SIGNATURE HEALTHCARE AT HOME - NUTHS",461550,UT,84321
"SALT LAKE CITY","HOSPICE ALLIANCE INC",461551,UT,84124
MIDVALE,"COZY HOSPICE",461552,UT,84047
PROVIDENCE,"CNS COMMUNITY  HOSPICE - PROVIDENCE",461553,UT,84332
MURRAY,"SIGNATURE HEALTHCARE AT HOME",461554,UT,84121
"W JORDAN","CNS COMMUNITY HOSPICE - WEST JORDAN",461555,UT,84084
BOUNTIFUL,"TENDER CARE HOSPICE",461556,UT,84010
PRICE,"CNS COMMUNITY HOSPICE - PRICE",461557,UT,84501
TOOELE,"MOUNTAIN WEST HOSPICE",461558,UT,84074
"ST GEORGE","ZION'S WAY HOSPICE",461559,UT,84770
VERNAL,"GOOD SHEPHERD HOSPICE - VERNAL",461560,UT,84078
"SALT LAKE CITY","SUN BROOK HOSPICE",461561,UT,84107
DRAPER,"BRIO HOSPICE",461562,UT,84020
MURRAY,"SUMMIT HOSPICE",461563,UT,84121
KAYSVILLE,"CAREGIVER SUPPORT NETWORK HOSPICE",461564,UT,84037
"SALT LAKE CITY","LIGHTHOUSE HOSPICE",461565,UT,84121
OGDEN,"BRISTOL HOSPICE - UTAH, LLC",461566,UT,84404
"WEST VALLEY CITY","SYMBII HOSPICE",461567,UT,84119
OREM,"ALPHA OMEGA HOSPICE LLC",461568,UT,84058
BLANDING,"ROCKY MOUNTAIN HOSPICE - BLANDING",461569,UT,84511
"ST GEORGE","ROCKY MOUNTAIN HOSPICE - ST GEORGE",461570,UT,84790
PROVIDENCE,"PRIMROSE HOSPICE INC",461571,UT,84332
PROVO,"SUNRISE HOSPICE",461572,UT,84604
SANDY,"ENVISION HOSPICE",461573,UT,84070
LAYTON,"THATCHER BROOK HOSPICE",461574,UT,84040
"SALT LAKE CITY","SOLSTICE HOSPICE AND PALLIATIVE CARE",461575,UT,84105
OREM,"FREEDOM HOSPICE LLC",461576,UT,84057
BRIGHAM,"INTEGRITY HOSPICE",461577,UT,84302
"SOUTH OGDEN","ADVOCATE HOSPICE, LLC",461578,UT,84403
MURRAY,"SIGNATURE HEALTHCARE AT HOME",461579,UT,84121
TAYLORSVILLE,"ASPIRE HOSPICE CARE, INC",461580,UT,84123
"PLEASANT VIEW","HOSPICE CARE OF NORTHERN UTAH",461581,UT,84414
OGDEN,"BURCH CREEK HOSPICE",461582,UT,84403
LAYTON,"AFI HOSPICE, LLC",461583,UT,84041
"ST GEORGE","CNS COMMUNITY HOSPICE - ST GEORGE",461584,UT,84790
FARMINGTON,"INDEPENDENCE HOSPICE",461585,UT,84025
"SALT LAKE CITY","CREEKSIDE HOSPICE",461586,UT,84124
"SALT LAKE CITY","QUALITY HOSPICE",461587,UT,84107
SPRINGVILLE,"ICARE HOSPICE",461588,UT,84663
"ST GEORGE","DIXIE HOSPICE CARE",461589,UT,84790
PROVO,"UTAH HOSPICE",461590,UT,84604
CLEARFIELD,"INSPIRATION HOSPICE, LLC",461591,UT,84015
"SPANISH FORK","MAPLE CREEK HOSPICE",461592,UT,84660
PAYSON,"ABSOLUTE COMPASSION HOSPICE, LLC",461593,UT,84651
"SOUTH OGDEN","ABUNDANT LIFE HOSPICE",461594,UT,84403
MURRAY,"BRIGHTON HOSPICE",461595,UT,84121
"ST GEORGE","ALPHA HOMECARE HOSPICE INC",461596,UT,84790
LOGAN,"SUNSHINE HOSPICE",461597,UT,84321
OREM,"5 STAR HOSPICE LLC",461598,UT,84097
"SALT LAKE CITY","ANGELS CROSSING HOME HOSPICE",461599,UT,84115
"SALT LAKE CITY","CANYON HOSPICE",461600,UT,84102
"AMERICAN FORK","DIGNITY HOSPICE OF UTAH, LLC",461601,UT,84003
BOUNTIFUL,"ADAGIO HOSPICE LLC",461602,UT,84010
"ST GEORGE","CANYON HOSPICE OF SOUTHERN UTAH",461603,UT,84770
"SALT LAKE CITY","VALEO HOSPICE LLC",461604,UT,84106
"ST GEORGE","JOURNEY OF HOPE HOSPICE, LLC",461605,UT,84770
"WEST VALLEY CITY","CORNERSTONE HOSPICE",461606,UT,84119
"ST GEORGE","SUN TREE HOSPICE LLC",461607,UT,84790
CLEARFIELD,"DESERET HOSPICE",461608,UT,84015
"AMERICAN FORK","ELEVATION HOSPICE OF UTAH LLC",461609,UT,84003
"SALT LAKE CITY","YARROW HOSPICE, INC",461610,UT,84106
"ST GEORGE","INTEGRATED SENIOR CARE HOSPICE",461611,UT,84790
"SALT LAKE CITY","PEAK SPECIALTY GROUP HOSPICE",461612,UT,84124
BOUNTIFUL,"RENEW HOSPICE",461613,UT,84010
"WEST JORDAN","MOUNTAIN VIEW HOSPICE",461614,UT,84088
KAYSVILLE,"COMFORT WORX HOSPICE OF UTAH, LLC",461615,UT,84037
BOUNTIFUL,"EVEREST HOSPICE LLC",461616,UT,84010
"SOUTH JORDAN","MIDAS CREEK HOSPICE",461617,UT,84095
SANDY,"ACTIVE HOSPICE",461618,UT,84070
DRAPER,"ASHBY HOSPICE LLC",461619,UT,84020
SANDY,"LIGHTEN HOSPICE",461620,UT,84093
MURRAY,"ASPEN RIDGE HOSPICE",461621,UT,84123
MIDVALE,"SALUS HOSPICE",461622,UT,84047
"SALT LAKE CITY","PROCARE HOSPICE OF UTAH LLC",461623,UT,84107
"ST GEORGE","PATHWAY HOSPICE AND PALLIATIVE CARE",461624,UT,84790
"EAST CARBON","CARBON MEDICAL SERVICE ASSOCIATION",461801,UT,84520
BICKNELL,"WAYNE COMMUNITY HEALTH CENTERS",461802,UT,84715
ENTERPRISE,"ENTERPRISE VALLEY MEDICAL CENTER",461803,UT,84725
"GREEN RIVER","GREEN RIVER MEDICAL CENTER",461804,UT,84525
OGDEN,"WEBER COMMUNITY HEALTH CENTER",461805,UT,84403
"SALT LAKE CITY","WASATCH HOMELESS HEALTH CARE PROGRAM",461806,UT,84101
"WEST VALLEY CITY","REDWOOD COMMUNITY HEALTH CENTER",461807,UT,84119
MIDVALE,"COPPERVIEW COMMUNITY HEALTH CENTERS INC",461808,UT,84047
KEARNS,"KEARNS COMMUNITY HEALTH CENTER",461809,UT,84118
BRIGHAM,"BRIGHAM CITY COMMUNITY HEALTH CENTER",461810,UT,84302
"SALT LAKE CITY","NORTHWEST COMMUNITY HEALTH CENTER",461811,UT,84116
"SALT LAKE CITY","CENTRAL CITY COMMUNITY HEALTH CENTER",461812,UT,84111
PROVO,"MOUNTAINLANDS COMMUNITY HEALTH CENTER",461813,UT,84601
"SALT LAKE CITY","INDIAN HEALTH CARE CLINIC",461814,UT,84102
OGDEN,"M C H C - MIDTOWN COMMUNITY HEALTH CENTER",461815,UT,84401
"SALT LAKE CITY","OQUIRRH VIEW COMMUNITY HEALTH CENTER",461816,UT,84118
"SALT LAKE CITY","WASATCH HOMELESS HEALTH CARE",461817,UT,84101
"MONTEZUMA CREEK","MONTEZUMA CREEK COMMUNITY HEALTH CENTER",461818,UT,84534
"ST GEORGE","S W U C H C - SOUTHWEST UT COMMUNITY HEALTH CENTER",461819,UT,84770
"GARDEN CITY","BEAR LAKE COMMUNITY HEALTH CENTER",461820,UT,84028
HANKSVILLE,"WAYNE COMMUNITY HEALTH CENTER",461821,UT,84734
HELPER,"CARBON MEDICAL SERVICE ASSOCIATION - HELPER CLINIC",461822,UT,84526
FARMINGTON,"M C H C - DAVIS MEDICAL CLINIC",461823,UT,84025
OGDEN,"M C H C - CHILDREN'S CLINIC",461824,UT,84405
OGDEN,"M C H C - JAMES MADISON ELEMENTARY HEALTH CENTER",461825,UT,84401
"ST GEORGE","S W U C H C - MILLCREEK HIGH HEALTH CENTER",461826,UT,84770
LOGAN,"BEAR LAKE - CACHE VALLEY COMMUNITY HEALTH CENTER",461827,UT,84341
"CEDAR CITY","S W U C H C - CEDAR CITY COMMUNITY HEALTH CENTER",461828,UT,84720
HYRUM,"CACHE VALLEY COMMUNITY HEALTH CENTER SOUTH",461829,UT,84319
OGDEN,"M C H C - WEBER WELLNESS CLINIC",461830,UT,84401
KAYSVILLE,"M C H C - CANYON HEIGHTS SCHOOL BASED HEALTH CENTE",461831,UT,84037
PAYSON,"MOUNTAINLANDS COMMUNITY HEALTH CENTER - PAYSON",461832,UT,84651
BLANDING,"BLANDING FAMILY PRACTICE COMMUNITY HEALTH CENTER",461833,UT,84511
"SALT LAKE CITY","MIDTOWN SOUTH SALT LAKE COMMUNITY HEALTH CENTER",461836,UT,84115
MIDVALE,"MIDVALE FAMILY HEALTH CLINIC, INC",461837,UT,84047
PROVO,"MOUNTAINLANDS FAMILY HEALTH CENTER - WASATCH",461838,UT,84601
VERNAL,"MOUNTAINLANDS COMMUNITY HEALTH CENTER INC",461839,UT,84078
"SALT LAKE CITY","SACRED CIRCLE HEALTH CARE",461840,UT,84111
ESCALANTE,"KAZEN MEMORIAL CLINIC",461841,UT,84726
MIDVALE,"MID VALLEY HEALTH CLINIC",461842,UT,84047
HURRICANE,"FAMILY HEALTHCARE",461843,UT,84737
LOGAN,"CACHE VALLEY COMMUNITY HEALTH CENTER",461844,UT,84321
OGDEN,"HOPE COMMUNITY HEALTH CENTER",461845,UT,84401
"CEDAR CITY","FAMILY HEALTHCARE",461846,UT,84720
TREMONTON,"BEAR RIVER HEALTH CLINIC",461847,UT,84337
IVINS,"SHIUWITS COMMUNITY HEALTH CENTER",461848,UT,84738
"CEDAR CITY","CEDAR COMMUNITY HEALTH CENTER",461849,UT,84721
RICHFIELD,"KOOSHAREM COMMUNITY HEALTH CENTER",461850,UT,84701
KANOSH,"KANOSH COMMUNITY HEALTH CENTER",461851,UT,84637
LOGAN,"MIDTOWN COMMUNITY HEALTH CENTER - LOGAN CLINIC",461852,UT,84321
PROVO,"EAST BAY HEALTH CENTER",461853,UT,84606
"WEST VALLEY CITY","ELLIS R SHIPP CLINIC",461854,UT,84120
PANGUITCH,"SOUTHWEST W C H C MENTAL HEALTH",461855,UT,84759
"SALT LAKE CITY","NEIGHBORHOOD CLINIC",461856,UT,84104
"BRIGHAM CITY","BOX ELDER COMMUNITY HEALTH CENTER",461857,UT,84302
MIDVALE,"UTAH PARTNERS FOR HEALTH",461858,UT,84047
"SALT LAKE CITY","COMMUNITY HEATLH CENTERS INC",461859,UT,84103
"SALT LAKE CITY","COMMUNITY HEALTH CENTERS INC",461860,UT,84111
BLANDING,"BLANDING FAMILY VISION CENTER",461861,UT,84511
"SALT LAKE CITY","CENTRAL CITY CLINIC",461862,UT,84111
BLANDING,"BLANDING FAMILY CHIROPRACTIC",461863,UT,84511
"CEDAR CITY","FAMILY HEALTHCARE",461864,UT,84720
BOUNTIFUL,"SPECIALTY HOSPITAL OF UTAH",462003,UT,84010
MURRAY,"KPC PROMISE HOSPITAL OF SALT LAKE",462004,UT,84107
PROVO,"UTAH VALLEY SPECIALTY HOSPITAL",462005,UT,84604
MURRAY,"LANDMARK HOSPITAL OF SALT LAKE CITY, LLC",462006,UT,84107
"SALT LAKE CITY","INTERMOUNTAIN PEDIATRIC DIALYSIS CENTER",462300,UT,84132
"SALT LAKE CITY","VETERANS ADMINISTRATION HOSP/ESRD",462301,UT,84113
MURRAY,"INTERMOUNTAIN MEDICAL CENTER TRANSPLANT DIALYSIS",462302,UT,84107
LOGAN,"LOGAN REGIONAL HOSPITAL DIALYSIS CENTER",462307,UT,84341
TOOELE,"TOOELE VALLEY DIALYSIS CENTER",462308,UT,84074
"SALT LAKE CITY","BHS DIALYSIS SERVICES",462309,UT,84124
PROVO,"UTAH VALLEY REGIONAL DIALYSIS CTR",462310,UT,84604
"HEBER CITY","HEBER VALLEY DIALYSIS",462311,UT,84032
BLANDING,"BLUE MOUNTAIN HOSPITAL DIALYSIS",462319,UT,84511
"SALT LAKE CITY","PRIMARY CHILDREN'S DIALYSIS CENTER",462320,UT,84113
LAYTON,"FARMINGTON BAY DIALYSIS CENTER",462500,UT,84041
"SALT LAKE CITY","KOLFF DIALYSIS CENTER UNIVERSITY OF UTAH",462503,UT,84108
PROVO,"PROVO DIALYSIS CENTER",462504,UT,84604
ROOSEVELT,"UINTAH BASIN MEDICAL CENTER DIALYSIS ROOSEVELT",462506,UT,84066
MIDVALE,"MIDVALE DIALYSIS",462509,UT,84047
PRICE,"CASTLEVIEW DIALYSIS CENTER",462510,UT,84501
"ST GEORGE","DIXIE DIALYSIS CENTER",462511,UT,84790
"SALT LAKE CITY","DIALYSIS IN WONDERLAND",462516,UT,84111
OGDEN,"BONNEVILLE DIALYSIS CENTER",462517,UT,84403
SANDY,"SOUTH VALLEY DIALYSIS CENTER",462518,UT,84070
OGDEN,"BONNEVILLE DIALYSIS CENTER",462519,UT,84405
"WEST BOUNTIFUL","WEST BOUNTIFUL DIALYSIS",462520,UT,84087
BOUNTIFUL,"LAKESIDE DIALYSIS CENTER",462521,UT,84010
"SALT LAKE CITY","BHS DIALYSIS SERVICES",462522,UT,84124
"SALT LAKE CITY","MIDVALLEY DIALYSIS CENTER",462523,UT,84118
PROVO,"TIMPANOGOS DIALYSIS CENTER",462524,UT,84604
PROVO,"UTAH VALLEY DIALYSIS CENTER",462525,UT,84604
VERNAL,"DIALYSIS OF UTAH INC",462526,UT,84078
VERNAL,"UINTAH BASIN MEDICAL CENTER DIALYSIS VERNAL",462527,UT,84078
"CEDAR CITY","IRON MISSION DIALYSIS",462528,UT,84720
TAYLORSVILLE,"FRESENIUS KIDNEY CARE OQUIRRH",462529,UT,84129
"SOUTH SALT LAKE","FRESENIUS KIDNEY CARE WASATCH",462530,UT,84115
RICHFIELD,"SEVIER VALLEY DIALYSIS",462531,UT,84701
"SOUTH JORDAN","SOUTH MOUNTAIN DIALYSIS, LLC",462532,UT,84095
TAYLORSVILLE,"WEST VALLEY DIALYSIS CENTER",462533,UT,84118
"AMERICAN FORK","AMERICAN FORK DIALYSIS",462534,UT,84003
"AMERICAN FORK","LONE PEAK DIALYSIS",462535,UT,84003
HURRICANE,"HURRICANE DIALYSIS CENTER",462536,UT,84737
LAYTON,"LIBERTY DIALYSIS - LAYTON",462537,UT,84041
"WOODS CROSS","LIBERTY DIALYSIS - WOODS CROSS, LLC",462538,UT,84010
MARRIOTT,"WEBER VALLEY DIALYSIS",462539,UT,84404
OGDEN,"LIBERTY DIALYSIS - OGDEN",462540,UT,84403
"PLEASANT VIEW","PLEASANT VIEW DIALYSIS CENTER",462541,UT,84414
"ST GEORGE","LIBERTY DIALYSIS - ST GEORGE",462542,UT,84770
PAYSON,"UNIVERSITY OF UTAH PAYSON REGIONAL DIALYSIS CENTER",462543,UT,84651
OGDEN,"MARK LINDSAY DIALYSIS CENTER",462544,UT,84415
"WEST JORDAN","LIBERTY DIALYSIS - WEST JORDAN",462545,UT,84088
RIVERTON,"FRESENIUS MEDICAL CARE RIVERTON DIALYSIS",462546,UT,84065
OGDEN,"SOUTH OGDEN HOME",462547,UT,84403
"CEDAR CITY","FRESENIUS MEDICAL CARE CEDAR CITY LLC",462548,UT,84721
"SALT LAKE CITY","FRESENIUS KIDNEY CARE WEST SALT LAKE",462549,UT,84120
"FARR WEST","FRESENIUS KIDNEY CARE PLEASANT VIEW",462550,UT,84404
SALEM,"MT NEBO DIALYSIS",462551,UT,84653
OREM,"FRESENIUS KIDNEY CARE UTAH VALLEY",462552,UT,84058
KAYSVILLE,"ANTHEM DIALYSIS, LLC",462553,UT,84037
SANDY,"ENCOMPASS HEALTH REHABILITATION HOSPITAL OF UTAH",463025,UT,84094
"WEST VALLEY CITY","SALT LAKE SPECIALTY MEDICAL CENTER",463026,UT,84120
"SOUTH OGDEN","NORTHERN UTAH REHABILITATION HOSPITAL",463027,UT,84403
"SALT LAKE CITY","PRIMARY CHILDRENS HOSPITAL",463301,UT,84113
"SALT LAKE CITY","SHRINERS HOSPITALS FOR CHILDREN - SALT LAKE CITY",463302,UT,84103
MURRAY,"INTERMOUNTAIN MEDICAL CENTER DIALYSIS SERVICES",463501,UT,84107
"SALT LAKE CITY","UTAH DIALYSIS",463502,UT,84101
"SALT LAKE CITY","FEDERAL HEIGHTS DIALYSIS",463503,UT,84102
RICHFIELD,"SEVIER VALLEY DIALYSIS",463504,UT,84701
ROOSEVELT,"UINTAH BASIN MEDICAL CENTER DIALYSIS ROOSEVELT",463505,UT,84066
VERNAL,"UINTAH BASIN MEDICAL CENTER DIALYSIS VERNAL",463506,UT,84078
BICKNELL,"WAYNE CO MED CLINIC",463800,UT,84715
"MEXICAN HAT","HALCHITA CLINIC",463801,UT,84531
"MONTEZUMA CREEK","MONTEZUMA CREEK CLINIC",463802,UT,84534
BLANDING,"NAVAJO MOUNTAIN CLINIC",463803,UT,84511
WENDOVER,"WENDOVER CLINIC",463805,UT,84083
"GREEN RIVER","GREEN RIVER MEDICAL CTR",463806,UT,84525
ENTERPRISE,"ENTERPRISE VALLEY MEDICAL CLINIC",463807,UT,84725
RANDOLPH,"RICH HEALTH CLINIC",463808,UT,84064
DUCHESNE,"DUCHESNE VALLEY MEDICAL CTR",463809,UT,84021
BEAVER,"BEAVER MEDICAL CLINIC",463810,UT,84713
MILFORD,"MILFORD VALLEY MEDICAL CLINIC",463811,UT,84751
MONTICELLO,"SAN JUAN MOBILE CLINIC",463812,UT,84535
RICHFIELD,"MOUNTAIN UTAH FAMILY MEDICINE",463813,UT,84701
HURRICANE,"HURRICANE FAMILY PRACTICE CENT",463814,UT,84737
KAMAS,"KAMAS HEALTH CENTER",463815,UT,84036
COALVILLE,"COALVILLE HEALTH CENTER",463816,UT,84017
"MONTEZUMA CREEK","MONTEZUMA CREEK COMMUNITY HEALTH CENTE",463817,UT,84534
"MONUMENT VALLEY","MONUMENT VALLEY HEALTH CENTER",463818,UT,84536
MOAB,"MOAB FAMILY MEDICINE",463819,UT,84532
PAROWAN,"PAROWAN MEDICAL CLINIC",463820,UT,84761
MOAB,"MOAB MEDICAL CENTER INC",463821,UT,84532
DUCHESNE,"DUCHESNE VALLEY MEDICAL CENTER",463975,UT,84021
RANDOLPH,"RICH HEALTH CLINIC",463978,UT,84064
DUCHESNE,"DUCHESNE VALLEY MEDICAL CLINIC",463979,UT,84021
CIRCLEVILLE,"CIRCLEVILLE CLINIC",463980,UT,84723
CANNONVILLE,"BRYCE VALLEY CLINIC",463981,UT,84718
ESCALANTE,"IVAN W KAZAN CLINIC",463982,UT,84726
GLENDALE,"LONG VALLEY MEDICAL CLINIC",463983,UT,84729
PANGUITCH,"GARFIELD MEMORIAL CLINIC",463984,UT,84759
"CASTLE DALE","EMERY MEDICAL CENTER",463985,UT,84513
"MONUMENT VALLEY","MONUMENT VALLEY HOSPITAL CLINIC",463986,UT,84536
PAROWAN,"PAROWAN MEDICAL CLINIC",463987,UT,84761
"MONTEZUMA CREEK","MONTEZUMA CREEK COMMUNITY HEALTH CTR",463988,UT,84534
BLANDING,"SAN JUAN CLINIC BLANDING",463989,UT,84511
"GARDEN CITY","FAST AID CLINIC",463990,UT,84028
MILFORD,"BEAVER/ MILFORD MEDICAL CLINIC",463991,UT,84751
KANAB,"KANE COUNTY MEDICAL CLINIC",463992,UT,84741
MONTICELLO,"SAN JUAN CLINIC",463993,UT,84535
PROVO,"UTAH STATE HOSPITAL",464001,UT,84605
MIDVALE,"BENCHMARK BEHAV HEALTH SYS (CHARTER)",464003,UT,84047
PROVO,"HSA RIVERWOOD HOSP",464004,UT,84601
MIDVALE,"CHARTER SUMMIT HOSPITAL",464005,UT,84047
"WEST JORDAN","RIVENDELL OF UTAH",464006,UT,84088
"WOODS CROSS","BENCHMARK REGIONAL HOSPITAL",464007,UT,84087
"SALT LAKE CITY","WASATCH CANYONS HOSPITAL",464008,UT,84123
"SALT LAKE CITY","UNIVERSITY OF UTAH NEUROPSYCHIATRIC INSTITUTE",464009,UT,84108
"SALT LAKE CITY","OLYMPUS VIEW HOSPITAL",464010,UT,84117
"WEST JORDAN","COPPER HILLS YOUTH CENTER",464011,UT,84088
"SALT LAKE CITY","MARIAN CENTER",464012,UT,84115
"SALT LAKE CITY","SALT LAKE BEHAVIORAL HEALTH",464013,UT,84106
OREM,"PROVO CANYON BEHAVIORAL HOSPITAL",464014,UT,84097
MIDVALE,"HIGHLAND RIDGE HOSPITAL",464015,UT,84047
SANDY,"ADVANTA CARE THERAPY",464500,UT,84070
MURRAY,"HEART & FITNESS INST OF UTAH",464501,UT,84107
MIDVALE,"SALT LAKE REGIONAL MEDICAL CENTER",464502,UT,84047
HOLLADAY,"PRECISION HEALTH SERVICES",464503,UT,84117
"SALT LAKE CITY","NAVITAS UTAH, LLC",464504,UT,84106
MURRAY,"SALT LAKE WOUND CARE",464505,UT,84107
"SALT LAKE CITY","SILVERPEAK REHAB",464506,UT,84115
"WEST JORDAN","JORDAN VALLEY PULMONARY REHAB",464507,UT,84088
"SALT LAKE CITY","UTAH HYPERBARIC MEDICINE CENTER, LLC",464508,UT,84108
LAYTON,"PULMONARY HEALTH SERVICES",464509,UT,84041
PRICE,"FOUR CORNERS COMMUNITY MENTAL HLTH CTR",464601,UT,84501
TOOELE,"TOOELE MENTAL HLTH/SUBSTANCE ABUSE CLI",464604,UT,84074
PRICE,"FOUR CORNERS COMMUNITY BEHAVIORAL HEALTH",464605,UT,84501
OGDEN,"WEBER COUNTY MENTAL HEALTH",464606,UT,84401
"SALT LAKE CITY","VALLEY MENTAL HEALTH",464607,UT,84121
OREM,"TIMPVIEW TREATMENT CENTER",464608,UT,84058
"ST GEORGE","VISTA TREATMENT CENTER",464609,UT,84770
"SALT LAKE CITY","SENIOR DAY PROGRAM",464610,UT,84124
ROY,"HERITAGE PARK HEALTHCARE AND REHABILITATION",465003,UT,84067
"SALT LAKE CITY","MT OLYMPUS REHABILITATION CENTER",465006,UT,84109
OGDEN,"HARRISON POINTE HEALTHCARE AND REHABILITATION",465009,UT,84403
"BRIGHAM CITY","PIONEER CARE CENTER",465020,UT,84302
HOLLADAY,"SPRING CREEK HEALTHCARE CENTER",465049,UT,84117
"SALT LAKE CITY","DESERET HEALTH AND REHAB AT FEDERAL HEIGHTS",465055,UT,84102
"SALT LAKE CITY","INFINIA HEALTH AND REHAB",465056,UT,84124
BLANDING,"FOUR CORNERS REGIONAL CARE CENTER",465057,UT,84511
RICHFIELD,"RICHFIELD REHABILITATION AND CARE CENTER",465059,UT,84701
TREMONTON,"BOX ELDER COUNTY NURSING HOME",465060,UT,84337
BOUNTIFUL,"SOUTH DAVIS COMMUNITY CARE CENTER",465062,UT,84010
"ST GEORGE","ST GEORGE REHABILITATION",465064,UT,84770
OGDEN,"LOMOND PEAK NURSING REHABILITATION, LLC",465065,UT,84404
"SALT LAKE CITY","AVALON WEST HEALTH & REHABILITATION",465066,UT,84123
CLEARFIELD,"ROCKY MOUNTAIN CARE - CLEARFIELD",465067,UT,84015
BOUNTIFUL,"ROCKY MOUNTAIN CARE BOUNTIFUL",465068,UT,84010
"WASHINGTON TERRACE","MT OGDEN HEALTH AND REHABILITATION CENTER",465069,UT,84405
"SALT LAKE CITY","CITY CREEK POST ACUTE",465072,UT,84102
"SALT LAKE CITY","QUALITY CARE MURRAY",465073,UT,84107
"SALT LAKE CITY","WILLOW WOOD CARE CENTER",465074,UT,84117
"WEST VALLEY CITY","ROCKY MOUNTAIN CARE - HUNTER HOLLOW",465075,UT,84120
OREM,"CARE WEST-OREM NRSG/REHAB CTR",465076,UT,84058
"SALT LAKE CITY","NEW HORIZONS CARE CTR",465077,UT,84104
HOLLADAY,"HIGHLAND CARE CENTER",465078,UT,84124
LOGAN,"SUNSHINE TERRACE FOUNDATION",465079,UT,84321
"SALT LAKE CITY","ROSEWOOD TERRACE",465080,UT,84116
PRICE,"CARBON COUNTY NURSING HOME",465081,UT,84501
PROVO,"UTAH VALLEY HEALTHCARE AND REHABILITATION",465082,UT,84601
OGDEN,"CRESTWOOD REHABILITATION AND NURSING",465083,UT,84403
ROOSEVELT,"UINTAH BASIN REHABILITATION AND SENIOR VILLA",465084,UT,84066
FERRON,"EMERY COUNTY CARE AND REHABILITATION CENTER",465085,UT,84523
OGDEN,"MOUNTAIN VIEW HEALTH SERVICES",465086,UT,84403
OGDEN,"ASPEN CARE CTR",465087,UT,84401
"PLEASANT GROVE","MISSION AT ALPINE REHABILITATION CENTER",465088,UT,84062
TOOELE,"ROCKY MOUNTAIN CARE - WILLOW SPRINGS",465089,UT,84074
OREM,"CASCADES AT ORCHARD PARK",465090,UT,84057
DRAPER,"DRAPER REHABILITATION AND CARE CENTER",465091,UT,84020
VERNAL,"UINTAH HEALTH CARE SPECIAL SERVICE DISTRICT",465092,UT,84078
"BRIGHAM CITY","WILLOW GLEN HEALTH AND REHAB",465093,UT,84302
"SALT LAKE CITY","WOODLAND PARK REHABILITATION AND CARE CENTER",465094,UT,84106
"SALT LAKE CITY","ST JOSEPH VILLA",465095,UT,84115
"SALT LAKE CITY","CANYON RIM CARE CENTER",465096,UT,84109
"AMERICAN FORK","HERITAGE CARE CENTER",465097,UT,84003
PRICE,"PINNACLE NURSING AND REHABILITATION CENTER",465098,UT,84501
"SALT LAKE CITY","FAY CASE NURSING HOME",465099,UT,84115
"SALT LAKE CITY","PARAMOUNT HEALTH AND REHABILITATION",465100,UT,84107
HURRICANE,"HURRICANE HEALTH AND REHABILITATION",465101,UT,84737
PRICE,"PARKDALE HEALTH AND REHAB",465102,UT,84501
OGDEN,"MCKAY DEE HOSPITAL TRANSITIONAL CARE CENTER",465103,UT,84403
OREM,"OREM REHABILITATION AND NURSING CENTER",465104,UT,84097
LOGAN,"LOGAN VALLEY NURSING CENTER",465105,UT,84321
OGDEN,"WASHINGTON TERRACE NURSING CENTER",465106,UT,84405
NEPHI,"HERITAGE HILLS REHABILITATION AND CARE CENTER",465107,UT,84648
"WEST JORDAN","COPPER RIDGE HEALTH CARE",465108,UT,84088
"SALT LAKE CITY","HOLLADAY HEALTHCARE CENTER",465109,UT,84117
SANDY,"DESERET HEALTH AND REHAB AT CROSSLANDS",465110,UT,84070
SANDY,"SANDY HEALTH AND REHAB",465111,UT,84070
BOUNTIFUL,"LIFE CARE CENTER OF BOUNTIFUL",465112,UT,84010
OGDEN,"WASHINGTON TERRACE LIVING CENTER",465113,UT,84405
LOGAN,"CACHE VALLEY NURSING CENTER",465114,UT,84321
OGDEN,"THE TERRACE AT MT OGDEN",465115,UT,84405
LOGAN,"ROCKY MOUNTAIN CARE - LOGAN",465116,UT,84341
OGDEN,"SOUTH OGDEN POST- ACUTE",465117,UT,84405
"SALT LAKE CITY","LDS HOSPITAL TRANSITIONAL CARE",465118,UT,84143
PROVO,"PROVO REHABILITATION AND NURSING",465119,UT,84604
PROVO,"TRANSITIONAL CARE UNIT  AT UVRMC",465120,UT,84604
"AMERICAN FORK","AMERICAN FORK HOSPITAL TRANSITIONAL CARE CENTER",465121,UT,84003
OGDEN,"ASPEN CARE CENTER",465122,UT,84401
LOGAN,"LOGAN REGIONAL HOSPITAL TRANSITIONAL CARE UNIT",465123,UT,84341
"SALT LAKE CITY","MIDTOWN MANOR",465124,UT,84104
MURRAY,"ROCKY MOUNTAIN CARE - COTTAGE ON VINE",465125,UT,84107
"WEST VALLEY","PIONEER VALLEY TRANSITIONAL CARE UNIT",465126,UT,84120
LAYTON,"DAVIS HOSPITAL & MED CTR SNF",465127,UT,84041
"SALT LAKE CITY","MISSION AT HILLSIDE REHABILITATION CENTER",465128,UT,84105
PAYSON,"PARKWAY HEALTH CENTER",465129,UT,84651
SPRINGVILLE,"STONEHENGE OF SPRINGVILLE",465130,UT,84663
BOUNTIFUL,"LAKEVIEW HOSPITAL TCU",465131,UT,84010
BOUNTIFUL,"BOUNTIFUL HEALTH CARE & REHABILITATION",465132,UT,84011
SANDY,"HEALTHSOUTH W R I SUB ACUTE PROGRAM",465133,UT,84094
PROVO,"COUNTRY VIEW MANOR",465134,UT,84601
PRICE,"CASTLEVIEW HOSP TRANS CARE CEN",465135,UT,84501
PAYSON,"MOUNTAIN VIEW HOSPITAL CONTINUING CARE CENTER",465136,UT,84651
"ST GEORGE","RED CLIFFS HEALTH AND REHAB",465137,UT,84770
PROVO,"OAKVIEW LIVING CENTER LLC",465138,UT,84601
"SALT LAKE CITY","LIFE CARE CENTER OF SALT LAKE CITY",465139,UT,84117
"SALT LAKE CITY","ST MARK'S HOSPITAL TRANSITIONAL CARE",465140,UT,84124
OGDEN,"OGDEN REGIONAL MEDICAL CENTER  TCU",465141,UT,84405
"SALT LAKE CITY","DESERET CARE CENTER",465142,UT,84106
"CEDAR CITY","CEDAR HEALTH AND REHABILITATION",465143,UT,84721
"ST GEORGE","SEASONS HEALTHCARE AND REHABILITATION",465144,UT,84770
"SALT LAKE CITY","SALT LAKE REGIONAL MED CENTER TCU",465145,UT,84102
"SALT LAKE CITY","AVALON VALLEY REHABILITATION",465146,UT,84115
"HEBER CITY","ROCKY MOUNTAIN CARE - THE LODGE",465147,UT,84032
"SALT LAKE CITY","MILLBROOK CARE CENTER",465148,UT,84107
"SALT LAKE CITY","BROOKDALE SALT LAKE CITY SNF",465149,UT,84102
"SALT LAKE CITY","WILLIAM E CHRISTOFFERSEN SALT LAKE VETERANS HOME",465150,UT,84113
LEHI,"TIMP HAVEN CARE CENTER",465151,UT,84043
"ST GEORGE","BELLA TERRA ST GEORGE",465152,UT,84790
"CEDAR CITY","STONEHENGE OF CEDAR CITY",465153,UT,84721
OREM,"BERKSHIRE REHAB AND COMFORT CARE",465154,UT,84057
OGDEN,"PINE VIEW TRANSITIONAL REHAB",465155,UT,84405
BOUNTIFUL,"AVALON CARE CENTER-BOUNTIFUL",465156,UT,84010
DELTA,"MILLARD COUNTY CARE AND REHABILITATION",465157,UT,84624
"SALT LAKE CITY","MEADOW BROOK REHABILITATION AND NURSING",465158,UT,84115
MURRAY,"ASPEN RIDGE TRANSITIONAL REHAB",465159,UT,84121
"ST GEORGE","CORAL DESERT REHABILITATION AND CARE",465160,UT,84790
SANDY,"HEALTHSOUTH TRANSITIONAL CARE UNIT",465161,UT,84094
"SALT LAKE CITY","ASPEN PARK REHABILITATION",465162,UT,84117
BOUNTIFUL,"NORTH CANYON CARE CENTER",465163,UT,84010
"BRIGHAM CITY","ALPINE TRANSITIONAL REHABILITATION CENTER",465164,UT,84302
BRIGHAM,"MISSION AT MAPLE SPRINGS",465165,UT,84302
MURRAY,"ASPEN RIDGE WEST TRANSITIONAL REHAB",465166,UT,84123
OREM,"STONEHENGE OF OREM",465167,UT,84057
RIVERTON,"ROCKY MOUNTAIN CARE - RIVERTON",465168,UT,84065
CLEARFIELD,"THATCHER BROOK REHABILITATION & CARE CENTER",465169,UT,84015
OREM,"ASPEN RIDGE OF UTAH VALLEY",465170,UT,84097
TAYLORSVILLE,"LEGACY VILLAGE REHABILITATION",465171,UT,84129
OGDEN,"GEORGE E WAHLEN OGDEN VETERANS HOME",465172,UT,84404
RICHFIELD,"STONEHENGE OF RICHFIELD",465173,UT,84701
LAYTON,"FAIRFIELD VILLAGE REHABILITATION",465174,UT,84041
CENTERFIELD,"MISSION AT COMMUNITY LIVING REHABILITATION CENTER",465175,UT,84622
"SOUTH JORDAN","STONEHENGE OF SOUTH JORDAN, LLC",465176,UT,84095
OREM,"THE PEAKS CARE AND REHAB",465177,UT,84057
"AMERICAN FORK","STONEHENGE OF AMERICAN FORK",465178,UT,84003
RIVERTON,"COUNTRY LIFE CARE CENTER",465179,UT,84065
IVINS,"SOUTHERN UTAH VETERANS HOME - IVINS",465180,UT,84738
PAYSON,"MERVYN SHARP BENNION CENTRAL UTAH VETERANS HOME",465181,UT,84651
"WASHINGTON TERRACE","STONEHENGE OF OGDEN",465182,UT,84405
"SPANISH FORK","SPANISH FORK REHABILITATION AND NURSING",465183,UT,84660
MIDVALE,"CASCADES AT RIVERWALK",465184,UT,84047
"SALT LAKE CITY","MILLCREEK REHABILITATION AND NURSING, LLC",465185,UT,84106
"NORTH LOGAN","MAPLE SPRINGS SENIOR LIVING",465186,UT,84341
BOUNTIFUL,"SOUTH DAVIS SPECIALTY CARE",465187,UT,84010
LEHI,"POINTE MEADOWS HEALTH AND REHABILITATION",465188,UT,84043
SALEM,"ADVANCED HEALTH CARE OF SALEM",465189,UT,84653
"ST GEORGE","ADVANCED HEALTH CARE OF ST GEORGE",465190,UT,84790
"CENTER CREEK","H & W THERAPY",466500,UT,84032
PROVO,"UNIVERSITY PHYSICAL THERAPY",466501,UT,84601
"SALT LAKE CITY","MOUNTAIN LAND REHAB AGENCY",466502,UT,84124
"SALT LAKE CITY","IHC  REHAB AGENCY",466503,UT,84119
PROVO,"REHABILITATION SOURCE",466504,UT,84604
"SAINT GEORGE","SOUTHERN UTAH REHABILITATION",466505,UT,84770
"SALT LAKE CITY","LEARNING SERVICES CORPORATION",466506,UT,84107
DRAPER,"ALLIED THERAPY WORKS",466507,UT,84020
VERNAL,"UINTAH BASIN REHABILITATION &",466508,UT,84078
"ST GEORGE","ZION REHABILITATION INC",466509,UT,84770
"ST GEORGE","HEALTHSOUTH REHAB CENTER OF ST GEORGE",466510,UT,84790
"PARK CITY","HEALTHSOUTH SPORTS MEDICINE & REHAB CT",466511,UT,84060
MIDVALE,"HEALTHSOUTH REHABILITATION OF",466512,UT,84047
KAYSVILLE,"HEALTHSOUTH REHAB KAYSVILLE",466513,UT,84037
"SALT LAKE CITY","HIGHLAND CARE OUTPATIENT SERVICES",466514,UT,84117
DRAPER,"SOUTH MOUNTAIN REHABILITATION",466515,UT,84020
PROVO,"MCCLEAN CHIROPRACTIC CLINIC",466516,UT,84601
LOGAN,"SUNSHINE TERRACE WELLNESS CENTER",466517,UT,84321
"WEST VALLEY CITY","COMMUNITY NURSING SERVICES",467001,UT,84119
LOGAN,"BEAR RIVER HHA",467003,UT,84321
OGDEN,"INTERMOUNTAIN HOMECARE OGDEN",467004,UT,84405
PRICE,"SOUTHEASTERN UTAH HHA",467006,UT,84501
"CEDAR CITY","IRON COUNTY HOME HEALTH AGENCY",467012,UT,84720
PANGUITCH,"GARFIELD MEMORIAL HOSPITAL HOME HEALTH",467014,UT,84759
"ST GEORGE","GENTIVA HEALTH SERVICES",467015,UT,84770
"MT PLEASANT","INTERMOUNTAIN HOMECARE HOME HEALTH MT PLEASANT",467016,UT,84647
RICHFIELD,"IHC HOME CARE SEVIER VALLEY HOSPITAL",467017,UT,84701
BRIGHAM,"CORE HOME HEALTH SERVICES",467019,UT,84302
"SALT LAKE CITY","INFINIA HOME HEALTH",467020,UT,84124
BLANDING,"SAN JUAN HOME HEALTH AGENCY",467022,UT,84511
"HEBER CITY","WASATCH CO HOSP HHA",467023,UT,84032
LOGAN,"INTERMOUNTAIN HOMECARE HOME HEALTH LOGAN",467024,UT,84341
OGDEN,"APPLEGATE HOMECARE",467025,UT,84405
OGDEN,"MEADOWS MEDICAL SERVICES  SUPPLY",467026,UT,84403
"SALT LAKE CITY","GENTIVA  HEALTH SERVICES",467027,UT,84107
"SALT LAKE CITY","MEDSHARES WESTERN UTAH",467028,UT,84121
"SALT LAKE CITY","BODIMETRIC HEALTH SERVICES INC",467029,UT,84110
"SOUTH JORDAN","INTERMOUNTAIN HOMECARE HOME HEALTH SALT LAKE",467030,UT,84095
OREM,"HOME HEALTH OF UTAH INC",467031,UT,84058
OGDEN,"MEDSHARES NORTH CENTRAL UTAH",467032,UT,84403
"ST GEORGE","INTERMOUNTAIN HOMECARE HOME HEALTH ST GEORGE",467033,UT,84770
NEPHI,"CENTRAL VALLEY HOME HEALTH",467034,UT,84648
GUNNISON,"GUNNISON VALLEY HOSPITAL HOME HEALTH",467035,UT,84634
VERNAL,"MEDSHARES NORTHEAST UTAH",467036,UT,84078
MILFORD,"MILFORD VALLEY HOME HEALTH",467037,UT,84751
BEAVER,"BEAVER VALLEY HOME HEALTH",467038,UT,84713
ROOSEVELT,"UINTAH BASIN HOME CARE SERVICES",467039,UT,84066
OGDEN,"KIDS AT HOME UTAH",467040,UT,84401
DELTA,"IHC HOME CARE OF DELTA",467041,UT,84624
FILLMORE,"IHC HOME CARE OF FILLMORE",467042,UT,84631
"SALT LAKE CITY","UNIVERSITY HOME CARE",467043,UT,84115
"BRIGHAM CITY","GODFREYS FOOTHILL RETREAT HHA",467044,UT,84402
MOAB,"GRAND COUNTY HHA",467045,UT,84532
PRICE,"CASTLE COUNTRY HHA",467046,UT,84501
"SALT LAKE CITY","SOLEUS HEALTHCARE SERVICES",467047,UT,84123
"ST GEORGE","HOOPER HOLMES HEALTH CARE INC",467048,UT,84770
"SALT LAKE CITY","HOME CARE OF UTAH",467049,UT,84102
"CEDAR CITY","IHC HOME CARE SERVICES AT VALLEY VIEW",467050,UT,84720
"SALT LAKE CITY","AT HOME NURSING CARE, LLC",467051,UT,84107
"SALT LAKE CITY","BROOKSIDE HOME HEALTH",467052,UT,84117
"SALT LAKE CITY","UNIVERSAL PEDIATRIC SERVICES",467053,UT,84180
TOOELE,"MOUNTAIN WEST HOME HEALTH",467054,UT,84074
"ST GEORGE","ENCOMPASS HEALTH HOME HEALTH OF SOUTHERN UTAH",467055,UT,84770
OGDEN,"UTAH SENIOR SERVICE HOME HEALTH",467056,UT,84405
VERNAL,"TLC/STAFF BUILDERS HOME HEALTH",467057,UT,84078
KAYSVILLE,"PEDIATRIC HOME CARE, INC",467058,UT,84037
PRICE,"SANDY REGIONAL HOME HEALTH",467059,UT,84501
"ST GEORGE","ALDRED HOME HEALTH CARE",467060,UT,84770
LAYTON,"ROCKY MOUNTAIN HOME CARE",467061,UT,84041
"SALT LAKE CITY","LOVE HOMECARE",467062,UT,84107
OREM,"ADVANCED HOME HEALTH CARE",467063,UT,84058
LAYTON,"PARACELSUS HOME CARE-DAVIS HOSPITAL",467064,UT,84041
OREM,"OLSTEN HEALTH SERVICES-OREM",467065,UT,84058
"SAINT GEORGE","SOUTHERN UTAH HOME NURSING, INC",467066,UT,84770
"SALT LAKE CITY","BONNEVILLE HOME CARE",467067,UT,84124
"W JORDAN","CNS HOME HEALTH PLUS",467068,UT,84084
LOGAN,"PROFESSIONAL HOME HEALTH",467069,UT,84321
"SALT LAKE CITY","PARACELSUS SELECT HOME CARE & HOSPICE",467070,UT,84107
MURRAY,"FIRST CHOICE HOME HEALTH",467071,UT,84107
"AMERICAN FORK","HOME CARE CONNECTION, INC,THE",467072,UT,84003
"SALT LAKE CITY","PARACELSUS HOSPITAL HOME CARE",467073,UT,84115
"SALT LAKE CITY","PREMIER HOME HEALTH CARE",467074,UT,84117
"CEDAR CITY","HORIZON HOME HEALTH -SG",467075,UT,84721
KANAB,"KANE COUNTY HOSP HOME HEALTH",467076,UT,84741
SANDY,"HEALTHSOUTH HOME CARE",467077,UT,84094
PRICE,"MEDSHARES EAST CENTRAL UTAH",467078,UT,84501
PROVO,"ERRAND GIRL/ASPEN HHA,THE",467079,UT,84604
"SALT LAKE CITY","WASATCH HOME CARE",467080,UT,84102
BOUNTIFUL,"SOUTH DAVIS HOME HEALTH",467081,UT,84010
PAYSON,"MEDSHARES CENTRAL UTAH",467082,UT,84651
PROVO,"HEALTH WATCH INC",467083,UT,84604
"WEST VALLEY CITY","PARACELSUS HOME CARE-PIONEER VALLEY",467084,UT,84120
"SALT LAKE CITY","BEEHIVE HOME HEALTH",467085,UT,84117
"SALT LAKE CITY","TOTAL HOMECARE INC",467086,UT,84106
"SAINT GEORGE","PRO CARE HOME HEALTH & INFUSION SPEC",467087,UT,84770
VERNAL,"UTAH HOME CARE SERVICES",467088,UT,84078
"SALT LAKE CITY","PARACELSUS HOME CARE-SALT LAKE REGIONA",467089,UT,84102
"AMERICAN FORK","HOME FRONT HEALTH CARE INC",467090,UT,84003
"SALT LAKE CITY","QUALITY HOMECARE OF UTAH",467091,UT,84117
MURRAY,"MOUNTAIN WEST HOME HEALTH",467092,UT,84107
PROVO,"EAST LAKE HOME HEALTH",467093,UT,84601
MURRAY,"CASTLE HOME HEALTH",467094,UT,84107
"SALT LAKE CITY","HORIZON HOME HEALTH -  SALT LAKE",467095,UT,84109
"ST GEORGE","TRI-CORP HOME HEALTH CARE INC",467096,UT,84770
OREM,"HOMEWARD BOUND HOME HEALTH CARE",467097,UT,84097
MOAB,"TENDER HEARTS HOME HEALTH",467098,UT,84532
"BRIGHAM CITY","MEDSHARES NORTHWEST UTAH",467099,UT,84302
MURRAY,"ENCOMPASS HEALTH HOME HEALTH",467100,UT,84123
SANTAQUIN,"ALTERNATIVE HEALTH CARE SYSTEM",467101,UT,84655
OREM,"HERITAGE HORIZONS HEALTHCARE SERVICES",467102,UT,84057
PROVO,"ADVANTAGE IN-HOME CARE",467103,UT,84604
MURRAY,"HARMONY HOME HEALTH",467104,UT,84123
"SALT LAKE CITY","VENCOR HOME HEALTH SERVICES-SALT LAKE",467105,UT,84107
OREM,"HEALTH WATCH PROVO, INC",467106,UT,84097
"SALT LAKE CITY","ROBBINS' ALTERNATIVE SERVICES",467107,UT,84115
MURRAY,"SUPERIOR HOME CARE",467108,UT,84107
"WEST BOUNTIFUL","ANGEL'S HOME HEALTH",467109,UT,84087
HUNTSVILLE,"SPECIALTY NURSING SERVICES, INC",467110,UT,84317
"SALT LAKE CITY","SPECIALTY HOME CARE",467111,UT,84103
SALINA,"AT HOME HEALTH CARE",467112,UT,84654
RICHFIELD,"CATHY'S HOME CARE",467113,UT,84701
"SALT LAKE CITY","MILLCREEK HOME HEALTH SERVICES",467114,UT,84107
"SALT LAKE CITY","LIFE CARE AT HOME",467115,UT,84119
HOLLADAY,"BEEHIVE HEALTH CARE",467116,UT,84124
"PARK CITY","CARESOURCE HOME HEALTH",467117,UT,84060
"SALT LAKE CITY","IHC PEDIATRIC HOME CARE",467118,UT,84119
BOUNTIFUL,"MEDSHARES NORTHERN UTAH",467119,UT,84010
MURRAY,"BAYADA NURSES INC",467120,UT,84107
MURRAY,"SIGNATURE HEALTHCARE AT HOME - SLCHH",467121,UT,84121
OREM,"A-PLUS HOME CARE",467200,UT,84057
MURRAY,"KINDRED AT HOME - HOME HEALTH - MURRAY",467201,UT,84123
MURRAY,"WALDEN MEADOWS HOME HEALTH",467202,UT,84123
"SALT LAKE CITY","WILLOW CREEK HEALTH CARE, INC",467203,UT,84117
MURRAY,"ECLIPSE HOME HEALTH, INC",467204,UT,84107
TAYLORSVILLE,"ALTA MEADOWS HEALTHCARE, INC",467205,UT,84129
MURRAY,"CAREGIVER SUPPORT NETWORK, INC",467206,UT,84107
"AMERICAN FORK","TOTAL KNEE AND HIP REHABILITATION",467207,UT,84003
"SALT LAKE CITY","GOOD SHEPHERD HOME CARE",467208,UT,84117
KANAB,"LOYALTY HOME CARE",467209,UT,84741
MIDVALE,"COZY HOME HEALTH CARE",467210,UT,84047
PROVO,"SUNRISE HOME HEALTH CARE",467211,UT,84604
"SALT LAKE CITY","MAXIM HEALTHCARE SERVICES, INC",467212,UT,84107
"SALT LAKE CITY","VALEO HOME HEALTHCARE SERVICES, LLC",467213,UT,84106
DRAPER,"ONECARE HOME HEALTH",467214,UT,84020
"SALT LAKE CITY","CURO HOME HEALTH CARE",467215,UT,84107
"BRIGHAM CITY","COMMUNITY NURSING SERVICES",467216,UT,84302
"AMERICAN FORK","HEARTS FOR HOME HEALTH",467217,UT,84003
"SALT LAKE CITY","HOME HEALTH DIMENSIONS",467218,UT,84117
RIVERDALE,"SIGNATURE HEALTHCARE AT HOME-NUTHH",467219,UT,84405
MURRAY,"ASPEN RIDGE HOME HEALTH",467220,UT,84123
OREM,"ENVISION HOME HEALTH",467221,UT,84057
OREM,"FREEDOM HOME HEALTH, LLC",467222,UT,84057
MURRAY,"SUMMIT HOME HEALTH",467223,UT,84121
HOLLADAY,"PINNACLE HOME HEALTH, INC",467224,UT,84117
PROVO,"UTAH HOME HEALTH",467225,UT,84604
"SALT LAKE CITY","CANYON HOME CARE",467226,UT,84102
"S SALT LAKE","PREMIER HOME HEALTH UTAH",467227,UT,84115
"BRIGHAM CITY","INTEGRITY HOME HEALTH",467228,UT,84302
RIVERDALE,"HEARTS FOR HOME HEALTH",467229,UT,84405
OGDEN,"IVY LANE PEDIATRICS",467230,UT,84401
"WEST VALLEY CITY","SYMBII HOME HEALTH",467231,UT,84119
LAYTON,"LEGACY HEALTHCARE, INC",467232,UT,84041
DRAPER,"BRIO HOME HEALTH",467233,UT,84020
PROVIDENCE,"PRIMROSE HOME CARE",467234,UT,84332
LAYTON,"SUMMIT HOME HEALTH - LAYTON",467235,UT,84041
"ST GEORGE","DIXIE HOME REHAB",467236,UT,84790
VERNAL,"GOOD SHEPHERD HOME CARE - VERNAL",467237,UT,84078
"SOUTH JORDAN","MIDAS CREEK HOME HEALTH",467238,UT,84095
"AMERICAN FORK","DIGNITY HOME HEALTH OF UTAH",467239,UT,84003
LAYTON,"THATCHER BROOK HOME HEALTH CARE, INC",467240,UT,84040
"SALT LAKE CITY","BRISTOL HOME CARE - UTAH, LLC",467241,UT,84124
CLEARFIELD,"INSPIRATION HOME HEALTH, LLC",467242,UT,84015
"ST GEORGE","ZION'S WAY HOME HEALTH",467243,UT,84770
OREM,"RHEMA HEALTH SYSTEMS, INC",467244,UT,84057
"WEST JORDAN","HEARTWOOD HOME HEALTH",467245,UT,84084
OGDEN,"BURCH CREEK HOMECARE",467246,UT,84403
"SALT LAKE CITY","ADVANCED HOMECARE SOLUTIONS",467247,UT,84101
OREM,"HORIZON HOME HEALTH",467248,UT,84057
"SALT LAKE CITY","SUN BROOK HOME CARE, LLC",467249,UT,84107
LAYTON,"AFI ADVANCED CARE HOME HEALTH, LLC",467250,UT,84041
OREM,"ALPHA HOME HEALTH CARE LLC",467251,UT,84058
"SALT LAKE CITY","CREEKSIDE HOME HEALTH",467252,UT,84124
SPRINGVILLE,"ACCESS HOME CARE - SALT LAKE CITY",467253,UT,84663
LOGAN,"SUNSHINE TERRACE HOME HEALTH",467254,UT,84321
"SALT LAKE CITY","AMEDISYS HOME HEALTH OF SALT LAKE CITY",467255,UT,84124
"ST GEORGE","AMEDISYS HOME HEALTH OF ST GEORGE",467256,UT,84790
BOUNTIFUL,"TENDER CARE HOME HEALTH",467257,UT,84010
BOUNTIFUL,"MEDSHARES NORTHERN UTAH",467300,UT,84010
"SALT LAKE CITY","CREEKSIDE HOME CARE OF NORTHERN UTAH",467301,UT,84121
"SALT LAKE CITY","TIMBER RIDGE HOME HEALTH AGENCY",467302,UT,84115
"ST GEORGE","APPLEGATE HOME HEALTH",467310,UT,84770
VERNAL,"APPLEGATE HOME HEALTH VERNAL",467311,UT,84078
SANDY,"LIFE CHOICE HOME HEALTH CARE, INC",467312,UT,84092
DRAPER,"ASHBY HEALTH CARE",467313,UT,84020
TAYLORSVILLE,"ASPIRE HOME HEALTH",467314,UT,84123
SANDY,"GUARDIAN HOME HEALTH CARE",467315,UT,84094
CLEARFIELD,"CASCADE SPRINGS HOME HEALTHCARE",467316,UT,84015
DRAPER,"ASHBY HOME HEALTH",467317,UT,84020
HOLLADAY,"PINE MOUNTAIN HOME HEALTH",467318,UT,84117
"WEST JORDAN","WASATCH HOME HEALTH CARE SERVICES",467319,UT,84088
BOUNTIFUL,"LIFETOUCH HOME HEALTH",467320,UT,84010
SANDY,"ACTIVE HOME HEALTH",467321,UT,84070
BOUNTIFUL,"RENEW HOME HEALTH INC",467322,UT,84010
SPRINGVILLE,"ICARE HOME HEALTH",467323,UT,84663
"ST GEORGE","ALPHA HOME HEALTH CARE LLC - SOUTHERN UTAH",467324,UT,84790
"SALT LAKE CITY","LIGHTHOUSE HOME HEALTH",467325,UT,84102
"SPANISH FORK","MAPLE CREEK HOME HEALTH",467326,UT,84660
"ST GEORGE","ALLIANCE HOME HEALTH OF SOUTHERN UTAH",467327,UT,84790
"SALT LAKE CITY","QUALITY HOME HEALTH & HOSPICE",467329,UT,84107
"SALT LAKE CITY","ARCADIA HOME HEALTH SERVICES, LLC",467330,UT,84119
PAYSON,"ABSOLUTE COMPASSION HOME HEALTH",467331,UT,84651
"SALT LAKE CITY","PEAK SPECIALTY GROUP",467332,UT,84124
"SOUTH OGDEN","ABUNDANT LIFE HOME HEALTH",467333,UT,84403
MURRAY,"BRIGHTON HOME HEALTH",467334,UT,84121
CLEARFIELD,"INSPIRATION HOME HEALTH LLC",467335,UT,84015
MIDVALE,"SALUS HOME HEALTH",467336,UT,84047
FARMINGTON,"INDEPENDENCE HOME HEALTH",467337,UT,84025
PERRY,"ALI'S ANGELS HOME CARE INC",467338,UT,84302
PAYSON,"AGA HOME HEALTH",467339,UT,84651
"ST GEORGE","CANYON HOME CARE OF SOUTHERN UTAH",467340,UT,84790
OREM,"5 STAR HOME HEALTH LLC",467341,UT,84097
"WEST VALLEY CITY","CORNERSTONE HOME HEALTH",467342,UT,84119
"SALT LAKE CITY","SOLSTICE HOME HEALTH, LLC",467343,UT,84105
BOUNTIFUL,"EVEREST HOME HEALTH, LLC",467344,UT,84010
"WEST JORDAN","MOUNTAIN VIEW HOME HEALTH",467345,UT,84088
SANDY,"LIGHTEN HOME HEALTH",467346,UT,84093
BLUFF,"TACHII'NII NURSING SERVICES INC",467347,UT,84512
"AMERICAN FORK","EMBRACE HOME HEALTH",467348,UT,84003
HOLLADAY,"GOLDEN HOME HEALTH",467349,UT,84117
OREM,"5 STAR HOME HEALTH",467350,UT,84097
"ST GEORGE","SUN TREE HOME HEALTH, LLC",467351,UT,84790
"ST GEORGE","INTEGRATED SENIOR CARE HOME HEALTH",467352,UT,84790
SANDY,"UTAH COMMUNITY HEALTHCARE INC",467353,UT,84070
"ST GEORGE","ADVANCED HOME HEALTH OF ST GEORGE",467354,UT,84790
"NORTH SALT LAKE","AMBROSE HEALTHCARE, LLC",467355,UT,84054
LEHI,"AUBURN CREST HOME HEALTH UTAH, LLC",467356,UT,84043
DRAPER,"BRIO UTAH HOME HEALTH LLC",467357,UT,84020
MURRAY,"HOME HEALTH FOR UTAH, LLC",467358,UT,84117
"SALT LAKE CITY","UNIVERSITY OF UTAH HOSPITAL - TC",469810,UT,84132
MURRAY,"INTERMOUNTAIN MEDICAL CENTER",469811,UT,84107
"SALT LAKE CITY","PRIMARY CHILDRENS MEDICAL CENTER",469812,UT,84113
LEHI,"TIMP HAVEN CARE CENTER",46A012,UT,84043
"ST GEORGE","PORTERS NURSING HOME",46A042,UT,84770
TREMONTON,"BEAR RIVER VALLEY CARE CENTER",46A043,UT,84337
PAROWAN,"IRON COUNTY NURSING HOME",46A044,UT,84761
"SALT LAKE CITY","FAY CASE CARE CENTER",46A045,UT,84115
"SALT LAKE CITY","MILLBROOK CARE CENTER",46A046,UT,84107
"SALT LAKE CITY","PINE RIDGE CARE CENTER",46A047,UT,84115
"SALT LAKE CITY","HILLSIDE VILLA CARE CENTER",46A048,UT,84105
CENTERFIELD,"COMMUNITY LIVING CENTER",46A049,UT,84622
BOUNTIFUL,"PARK VIEW NURSING HOME",46A050,UT,84010
"SALT LAKE CITY","MILLCREEK REHABILITATION AND NURSING, LLC",46A051,UT,84106
"ST GEORGE","HERITAGE COLOR COUNTRY CARE CNTR",46A052,UT,84770
"CEDAR CITY","CEDAR CARE CENTER",46A053,UT,84720
"ST GEORGE","SOUTHERN HOSPITALITY LIVING CENTER",46A054,UT,84770
"SALT LAKE CITY","OLYMPUS CARE CENTER",46A056,UT,84106
SPRINGVILLE,"TODHOLM CARE CENTER",46A057,UT,84663
"SALT LAKE CITY","FAIRVIEW CARE CENTER EAST",46A058,UT,84102
"HEBER CITY","ROCKY MOUNTAIN CARE - HEBER",46A059,UT,84032
"SALT LAKE CITY","EVA DAWN CARE CENTER",46A060,UT,84116
"SPANISH FORK","SPANISH FORK NURSING & REHAB",46A061,UT,84660
DELTA,"MILLARD COUNTY CARE CENTER",46A062,UT,84624
PAYSON,"EL RANCHO NURSING HOME",46A063,UT,84651
"SALT LAKE CITY","PINE CREEK REHABILITATION AND NURSING",46A064,UT,84104
PROVO,"COUNTRY VIEW MANOR",46A065,UT,84601
"SALT LAKE CITY","LITTLE COTTONWOOD REHABILITATION AND NURSING, LLC",46A066,UT,84115
PROVO,"SUNSET RETIREMENT AND CARE CENTER",46A067,UT,84601
SPRINGVILLE,"HOBBLE CREEK NURSING AND REHABILITATION",46A068,UT,84663
"WEST VALLEY CITY","ALPINE MEADOW REHABILITATION AND NURSING",46A069,UT,84119
MOAB,"CANYONLANDS CARE CENTER",46A070,UT,84532
OGDEN,"LOMOND PEAK NURSING AND REHABILITATION, LLC",46A071,UT,84404
PANGUITCH,"GARFIELD COUNTY NURSING HOME",46A072,UT,84759
OREM,"BERKSHIRE REHAB AND COMFORT CARE",46A177,UT,84057
PROVO,"HEALTHSOUTH PROVO SURGICAL CENTER",46C0001001,UT,84601
"SALT LAKE CITY","SALT LAKE SURGICAL CENTER",46C0001002,UT,84107
"SALT LAKE CITY","INTERMOUNTAIN AVENUES SURGICAL CENTER",46C0001003,UT,84103
OGDEN,"MCKAY DEE SURGICAL CENTER",46C0001004,UT,84403
OREM,"CATARACT AND LASIK CENTER OF UTAH",46C0001005,UT,84057
"SALT LAKE CITY","THE SURGICARE CENTER OF UTAH",46C0001006,UT,84107
LOGAN,"WESTERN MEDICAL SURGERY CENTER",46C0001007,UT,84341
"ST GEORGE","ST GEORGE SURGICAL CENTER",46C0001008,UT,84770
"ST GEORGE","DIXIE SURGERY CENTER INC",46C0001009,UT,84770
"SALT LAKE CITY","FHP SAME DAY SURGERY CENTER",46C0001010,UT,84119
"SALT LAKE CITY","SALT LAKE ENDOSCOPY CENTER",46C0001011,UT,84102
"SALT LAKE CITY","ST MARK'S OUTPATIENT SURGERY CENTER",46C0001012,UT,84124
MURRAY,"INSTITUTE OF FACIAL AND COSMETIC SURGERY",46C0001013,UT,84107
"ST GEORGE","SOUTH MAIN SURGERY CENTER",46C0001014,UT,84770
PROVO,"CENTRAL UTAH SURGICAL CENTER",46C0001015,UT,84604
"SALT LAKE CITY","WASATCH ENDOSCOPY CENTER",46C0001016,UT,84124
OGDEN,"MT OGDEN SURGICAL CENTER",46C0001017,UT,84403
"ST GEORGE","ZION EYE INSTITUTE/RED CLIFFS SURGERY CENTER",46C0001018,UT,84790
LAYTON,"DAVIS SURGICAL CENTER",46C0001019,UT,84041
"SALT LAKE CITY","MOUNTAIN WEST ENDOSCOPY CENTER",46C0001020,UT,84121
DRAPER,"LONE PEAK SURGERY CENTER",46C0001021,UT,84020
"PARK CITY","HEALTHSOUTH SURGERY OF PARK CITY",46C0001022,UT,84060
OGDEN,"RIDGELINE ENDOSCOPY CENTER",46C0001023,UT,84405
DRAPER,"EYESURG OF UTAH, LLC",46C0001024,UT,84020
"ST GEORGE","CHASE PLASTIC SURGERY CENTER",46C0001025,UT,84790
LOGAN,"NORTHERN UTAH ENDOSCOPY CENTER LLC",46C0001026,UT,84341
"SALT LAKE CITY","REDWOOD ENDOSCOPY CENTER",46C0001027,UT,84119
"CEDAR CITY","CEDAR SURGICAL ASSOCIATES",46C0001028,UT,84720
HOLLADAY,"ARLINGTON PARK SURGERY CENTER",46C0001029,UT,84117
PROVO,"BLUE ROCK SURGICAL CENTER",46C0001030,UT,84604
OGDEN,"ALPINE SURGICAL CENTER",46C0001031,UT,84403
PRICE,"CASTLEVIEW HOSPITAL SURGERY CENTER",46C0001032,UT,84501
"WEST VALLEY CITY","UTAH SURGICAL CENTER",46C0001033,UT,84120
MURRAY,"FAMILY SURGICAL SUITE - MURRAY",46C0001034,UT,84107
"ST GEORGE","ST GEORGE ENDOSCOPY CENTER",46C0001035,UT,84790
"ST GEORGE","CORAL DESERT SURGERY CENTER",46C0001036,UT,84790
MURRAY,"MOUNTAIN MEDICAL SURGERY CENTER",46C0001037,UT,84107
"CEDAR CITY","CEDAR ORTHOPAEDIC SURGERY CENTER",46C0001038,UT,84721
BOUNTIFUL,"MOUNTAIN WEST SURGICAL CENTER",46C0001039,UT,84010
PROVIDENCE,"INTERMOUNTAIN SURGERY AND PAIN CENTER",46C0001040,UT,84332
"SALT LAKE CITY","EAR, NOSE AND THROAT SURGERY CENTER OF UTAH",46C0001041,UT,84102
PROVO,"RIVERWOODS SURGERY CENTER",46C0001042,UT,84604
"SALT LAKE CITY","SELAROM SURGICAL CENTER",46C0001043,UT,84117
"SALT LAKE CITY","PHYSICIANS SURGERY CENTER",46C0001044,UT,84124
BOUNTIFUL,"LAKEVIEW ENDOSCOPY CENTER",46C0001045,UT,84010
"AMERICAN FORK","REVERE HEALTH",46C0001046,UT,84003
SANDY,"GRANITE PEAKS ENDOSCOPY, LLC",46C0001047,UT,84092
"SALT LAKE CITY","THE CENTER FOR SURGICAL ARTS",46C0001048,UT,84102
"W JORDAN","FAMILY SURGICAL SUITE",46C0001049,UT,84088
"PARK CITY","INTERMOUNTAIN PARK CITY SURGICAL CENTER",46C0001050,UT,84060
OREM,"CASCADE COSMETIC SURGERY CENTER",46C0001051,UT,84097
DRAPER,"ADVENTURE DENTAL",46C0001052,UT,84020
OREM,"PLEASANT VIEW",46C0001053,UT,84057
MURRAY,"COTTONWOOD SURGERY CENTER",46C0001054,UT,84107
"WEST VALLEY CITY","WEST SHORES SURGICAL CENTER",46C0001055,UT,84120
OGDEN,"ALPINE SURGICAL CENTER, LLC",46C0001056,UT,84405
MURRAY,"MURRAY SURGICAL",46C0001057,UT,84107
TOOELE,"NORTHPOINTE SURGICAL CENTER, LLC",46C0001058,UT,84074
OGDEN,"SOUTH OGDEN SPECIALTY SURGICAL CENTER, LLC",46C0001059,UT,84403
LOGAN,"SOUTH POINTE SURGICAL CENTER",46C0001060,UT,84321
PROVIDENCE,"SPRING CREEK SURGICAL CENTER",46C0001061,UT,84332
"PLEASANT GROVE","UTAH VALLEY SURGERY CENTER, LLC",46C0001062,UT,84062
LOGAN,"ADVANCED SURGERY CENTER OF NORTHERN UTAH",46C0001063,UT,84321
"SALT LAKE CITY","A & E NH",46E001,UT,84115
"PLEASANT GROVE","ALPINE VALLEY CARE CENTER",46E005,UT,84062
SPRINGVILLE,"ANNS SIESTA VILLA",46E007,UT,84663
"SALT LAKE CITY","ANNS REST HOME INC",46E009,UT,84107
LEHI,"LARSENS NH",46E012,UT,84043
"SALT LAKE CITY","BONNEVILLE CARE CENTER",46E014,UT,84102
PRICE,"CARBON COUNTY NH",46E017,UT,84501
"CEDAR CITY","CEDAR CARE CTR",46E018,UT,84720
OREM,"CENTRAL UTAH REHAB/HEALTH CTR",46E019,UT,84057
"SALT LAKE CITY","DOXEY-HATCH MEDICAL CENTER/SNF",46E020,UT,84117
"SALT LAKE CITY","BUNGALOW NH",46E021,UT,84102
NEPHI,"COLONIAL MANOR HEALTH CARE CTR",46E022,UT,84648
"SAINT GEORGE","PORTERS NURSING HOME",46E023,UT,84770
PAYSON,"EL RANCHO NH",46E029,UT,84651
FERRON,"EMERY COUNTY NURSING HOME",46E030,UT,84523
"SALT LAKE CITY","FAIRVIEW CARE CTR-WEST",46E035,UT,84104
"SALT LAKE CITY","FAY CASE NURSING HOME",46E036,UT,84115
"SALT LAKE CITY","TWIN PINES CARE CTR",46E039,UT,84106
"BRIGHAM CITY","GODFREYS FOOTHILL RETREAT",46E042,UT,84302
OGDEN,"ASPEN CARE CTR",46E046,UT,84401
"SALT LAKE CITY","GOLDEN MANOR",46E047,UT,84120
"SPANISH FORK","HALES REST HOME",46E050,UT,84660
"WEST VALLEY CITY","HAZEN NURSING FACILITY",46E052,UT,84119
"HEBER CITY","LONDON SPRINGS CARE CTR",46E054,UT,84032
"SALT LAKE CITY","HIGHLAND CARE CTR",46E056,UT,84117
OGDEN,"CRESTWOOD CARE CENTER",46E057,UT,84401
OGDEN,"WASATCH CARE CENTER",46E059,UT,84401
"SALT LAKE CITY","HILLHAVEN CONVALESCENT CENTER",46E060,UT,84102
"SALT LAKE CITY","HILLSIDE VILLA CARE CTR",46E061,UT,84105
PAROWAN,"IRON COUNTY REST HOME",46E062,UT,84761
DRAPER,"LANORES REST HOME",46E066,UT,84020
MAYFIELD,"MAYFIELD MANOR",46E069,UT,84643
BOUNTIFUL,"PARK VIEW NH",46E078,UT,84010
"BRIGHAM CITY","PIONEER MEMORIAL NURSING HOME",46E081,UT,84302
PROVO,"COUNTRY VIEW MANOR",46E082,UT,84601
"SALT LAKE CITY","ST JOSEPH VILLA",46E086,UT,84115
BLANDING,"SAN JUAN NURSING HOME",46E089,UT,84511
"SALT LAKE CITY","ROSEWOOD TERRACE",46E092,UT,84116
ROOSEVELT,"CEDAR CREST CONVALESCENT CENTER",46E093,UT,84066
LOGAN,"SUNSHINE TERRACE",46E097,UT,84321
OREM,"TIMPANOGOS NURSING HOME",46E104,UT,84057
SPRINGVILLE,"TODHOLM CARE CTR",46E105,UT,84663
TOOLE,"TOOELE VALLEY NURSING HOME",46E106,UT,84074
PROVO,"UTAH VALLEY CARE CENTER",46E108,UT,84601
MENDON,"MENDON CARE CTR INC",46E110,UT,84325
"SALT LAKE CITY","WASATCH VILLA CONVALESCENT CENTER",46E111,UT,84109
"SAINT GEORGE","YOUNG OLD FOLKS HOME",46E116,UT,84770
ROY,"WEBER MEMORIAL CARE CTR INC-SNF",46E117,UT,84067
"SALT LAKE CITY","ZIONS MOUNTAIN VIEW HOME",46E118,UT,84109
PROVO,"SUNSET RETIREMENT & CARE CTR",46E119,UT,84601
"SALT LAKE CITY","FAIRVIEW CARE CTR-EAST",46E121,UT,84102
"SALT LAKE CITY","NEW HORIZONS CARE CENTER",46E122,UT,84104
RICHFIELD,"RICHFIELD CARE CENTER",46E123,UT,84701
PROVO,"PROVO CARE CTR INC",46E124,UT,84601
TREMONTON,"BOX ELDER COUNTY NURSING HOME",46E125,UT,84337
"SALT LAKE CITY","TERRACE VILLA CONVALESCENT CENTER",46E126,UT,84117
BOUNTIFUL,"CHRONIC DISEASE HOSP CARE CTR/SNF",46E129,UT,84010
OGDEN,"OGDEN CARE CENTER NORTH",46E130,UT,84404
"SAINT GEORGE","ST GEORGE CARE CENTER",46E131,UT,84770
CLEARFIELD,"CLEARFIELD CONVALESCENT  NURSING CTR",46E132,UT,84015
HURRICANE,"ZION HEALTH-CARE COMPLEX",46E135,UT,84737
BOUNTIFUL,"BOUNTIFUL CONVALESCENT CTR",46E137,UT,84010
"SALT LAKE CITY","BENNION CARE CENTER",46E138,UT,84107
PROVO,"BUNCE CARE CTR 2",46E139,UT,84601
"WASHINGTON TERRACE","MOUNT OGDEN CONVALESENT CENTER",46E140,UT,84403
"SALT LAKE CITY","OLYMPUS CARE CTR",46E141,UT,84106
MURRAY,"MURRAY CARE CENTER",46E142,UT,84107
"SALT LAKE CITY","JOHANNA NH",46E143,UT,84115
"SALT LAKE CITY","ALPINE CHAVIS CARE CTR",46E144,UT,84106
"SALT LAKE CITY","CREEKSIDE CARE CENTER",46E146,UT,84117
OGDEN,"COUNTRY MEADOWS CONV CTR",46E147,UT,84403
"SALT LAKE CITY","EVA DAWN CARE CTR",46E148,UT,84116
"SALT LAKE CITY","GLENWOOD CARE CENTER",46E150,UT,84108
"SALT LAKE CITY","ALTA CARE CENTER",46E151,UT,84107
VERNAL,"UINTAH CARE CENTER",46E152,UT,84078
"AMERICAN FORK","HERITAGE CONVALESCENT CENTER",46E153,UT,84003
"SAINT GEORGE","FRIENDSHIP LIVING CENTER",46E154,UT,84770
PRICE,"CASTLE COUNTRY CARE CENTER",46E155,UT,84501
PRICE,"PARKDALE CARE CENTER",46E156,UT,84501
"SAINT GEORGE","COLOR COUNTRY CARE CTR",46E157,UT,84770
"SALT LAKE CITY","FAY CASE NH INC",46E158,UT,84115
MENDON,"MENDON CARE CTR",46E159,UT,84332
"SALT LAKE CITY","MIDTOWN MANOR",46E160,UT,84104
DELTA,"WEST MILLARD CARE CTR",46E162,UT,84624
OREM,"CARE WEST-OREM NRSG/REHAB CENTER",46E163,UT,84058
"ST GEORGE","SOUTHERN HOSPITALITY LIVING CTR",46E164,UT,84770
NEPHI,"CANYON HILLS HEALTH CARE CTR",46E165,UT,84648
OGDEN,"ASPEN CARE CTR",46E166,UT,84401
TREMONTON,"BOX ELDER COUNTY NH",46E167,UT,84337
PAYSON,"MEDALLION SUPPORTED LIVING - PAYSON",46G001,UT,84651
OREM,"HIDDEN HOLLOW NH",46G004,UT,84058
SANDY,"HILLCREST CARE CENTER",46G005,UT,84070
OREM,"MESA VISTA, INC",46G006,UT,84057
LINDON,"LINDON CARE AND TRAINING CENTER",46G007,UT,84042
"AMERICAN FORK","UTAH STATE DEVELOPMENTAL CENTER",46G009,UT,84003
OREM,"TOPHAMS TINY TOTS CARE CENTER",46G010,UT,84057
"WEST JORDAN","WEST JORDAN CARE CENTER",46G011,UT,84088
OGDEN,"WIDE HORIZONS INTERMEDIATE CARE FACILITY",46G012,UT,84404
"SALT LAKE CITY","SALT LAKE D D CTR INC",46G013,UT,84111
PROVO,"MEDALLION MANOR",46G014,UT,84601
RIVERTON,"OPERATION CONQUEST INC",46G015,UT,84065
"SALT LAKE CITY","EAST SIDE CENTER",46G016,UT,84102
"WEST VALLEY CITY","WEST SIDE CENTER",46G017,UT,84120
"SALT LAKE CITY","TERRACE VILLA CARE CTR",46G018,UT,84117
BOUNTIFUL,"NORTH SIDE CENTER",46G019,UT,84010
OREM,"HIDDEN HOLLOW CARE CENTER",46G020,UT,84058
"SALT LAKE CITY","BUNGALOW CARE CENTER",46G021,UT,84102
PROVO,"PROVO CARE CENTER",46G022,UT,84606
LEHI,"MEDALLION SUPPORTED LIVING",46G023,UT,84043
SPRINGVILLE,"MEDALLION SUPPORTED LIVING-SPRINGVILLE",46G024,UT,84663
SYRACUSE,"SYRACUSE SUPPORTED LIVING",46G025,UT,84075
PAROWAN,"IRON COUNTY CARE CENTER, LLC",46G026,UT,84761
SPRINGVILLE,"PROVO CANYON SCHOOL",46L001,UT,84663
"WEST JORDAN","COPPER HILLS YOUTH CENTER",46L002,UT,84088
"SALT LAKE CITY","COTTONWOOD TREATMENT CENTER",46L003,UT,84119
"WOODS CROSS","BENCHMARK BEHAVIORAL HEALTH SYSTEMS",46L004,UT,84087
PROVO,"HERITAGE SCHOOL",46L007,UT,84604
"SALT LAKE CITY","INTERMOUNTAIN DONOR SERVICES",46P001,UT,84102
"WEST JORDAN","SALT LAKE PORTABLE X-RAY SERVICE",46X0009802,UT,84084
SANDY,"DIAGNOSTIC LABORATORIES",46X0009803,UT,84070
"SALT LAKE CITY","FRACTURED FLICKS MEDICAL SERVICE",46X0009804,UT,84102
"ST GEORGE","MOUNTAIN DIAGNOSTICS OF SOUTHERN UTAH",46X0009805,UT,84770
"SALT LAKE CITY","ACTIVE MEDICAL SERVICES OF UTAH LLC",46X0009806,UT,84117
"SALT LAKE CITY","PORTABLE X-RAY OF UTAH",46X0009807,UT,84115
"NORTH SALT LAKE","WASATCH DIAGNOSTIC IMAGING, LLC",46X0009808,UT,84054
SANDY,"SCHRYVER MEDICAL SALES & MARKETING INC",46X0009809,UT,84070
WASHINGTON,"QUALITY MEDICAL IMAGING OF UTAH, INC",46X0009810,UT,84780
SANDY,"PACIFIC MOBILE DIAGNOSTICS",46X0009811,UT,84070
